[
    {
        "imagess":"<img src=\"http://127.0.0.1:8020/%E9%98%B3%E5%85%89%E4%BC%81%E6%9C%8D%E7%A7%BB%E5%8A%A8%E7%AB%AF%E9%A1%B5%E9%9D%A2/images/list.jpg\">", 
        "url": "detail.html", 
        "title": "自贸区保理公司注册条件1", 
        "detail": "自贸区注册商业保理公司需要具备哪些条件，有哪些流程?下面中财华商来介绍一下", 
        "fuwu":"企业服务",
        "date": "2018-8-14"
    },
    {
        "imagess":"<img src=\"http://127.0.0.1:8020/%E9%98%B3%E5%85%89%E4%BC%81%E6%9C%8D%E7%A7%BB%E5%8A%A8%E7%AB%AF%E9%A1%B5%E9%9D%A2/images/list.jpg\">", 
        "url": "detail.html", 
        "title": "自贸区保理公司注册条件2", 
        "detail": "自贸区注册商业保理公司需要具备哪些条件，有哪些流程?下面中财华商来介绍一下", 
        "fuwu":"企业服务",
        "date": "2018-8-14"
    },
    {
        "imagess":"<img src=\"http://127.0.0.1:8020/%E9%98%B3%E5%85%89%E4%BC%81%E6%9C%8D%E7%A7%BB%E5%8A%A8%E7%AB%AF%E9%A1%B5%E9%9D%A2/images/list.jpg\">", 
        "url": "detail.html", 
        "title": "自贸区保理公司注册条件3", 
        "detail": "自贸区注册商业保理公司需要具备哪些条件，有哪些流程?下面中财华商来介绍一下", 
        "fuwu":"企业服务",
        "date": "2018-8-14"
    },
    {
        "imagess":"<img src=\"http://127.0.0.1:8020/%E9%98%B3%E5%85%89%E4%BC%81%E6%9C%8D%E7%A7%BB%E5%8A%A8%E7%AB%AF%E9%A1%B5%E9%9D%A2/images/list.jpg\">", 
        "url": "detail.html", 
        "title": "自贸区保理公司注册条件4", 
        "detail": "自贸区注册商业保理公司需要具备哪些条件，有哪些流程?下面中财华商来介绍一下", 
        "fuwu":"企业服务",
        "date": "2018-8-14"
    },
    {
        "imagess":"<img src=\"http://127.0.0.1:8020/%E9%98%B3%E5%85%89%E4%BC%81%E6%9C%8D%E7%A7%BB%E5%8A%A8%E7%AB%AF%E9%A1%B5%E9%9D%A2/images/list.jpg\">", 
        "url": "detail.html", 
        "title": "自贸区保理公司注册条件5", 
        "detail": "自贸区注册商业保理公司需要具备哪些条件，有哪些流程?下面中财华商来介绍一下", 
        "fuwu":"企业服务",
        "date": "2018-8-14"
    },
    {
        "imagess":"<img src=\"http://127.0.0.1:8020/%E9%98%B3%E5%85%89%E4%BC%81%E6%9C%8D%E7%A7%BB%E5%8A%A8%E7%AB%AF%E9%A1%B5%E9%9D%A2/images/list.jpg\">", 
        "url": "detail.html", 
        "title": "自贸区保理公司注册条件6", 
        "detail": "自贸区注册商业保理公司需要具备哪些条件，有哪些流程?下面中财华商来介绍一下", 
        "fuwu":"企业服务",
        "date": "2018-8-14"
    },
    {
        "imagess":"<img src=\"http://127.0.0.1:8020/%E9%98%B3%E5%85%89%E4%BC%81%E6%9C%8D%E7%A7%BB%E5%8A%A8%E7%AB%AF%E9%A1%B5%E9%9D%A2/images/list.jpg\">", 
        "url": "detail.html", 
        "title": "自贸区保理公司注册条件7", 
        "detail": "自贸区注册商业保理公司需要具备哪些条件，有哪些流程?下面中财华商来介绍一下", 
        "fuwu":"企业服务",
        "date": "2018-8-14"
    },
    {
        "imagess":"<img src=\"http://127.0.0.1:8020/%E9%98%B3%E5%85%89%E4%BC%81%E6%9C%8D%E7%A7%BB%E5%8A%A8%E7%AB%AF%E9%A1%B5%E9%9D%A2/images/list.jpg\">", 
        "url": "detail.html", 
        "title": "自贸区保理公司注册条件8", 
        "detail": "自贸区注册商业保理公司需要具备哪些条件，有哪些流程?下面中财华商来介绍一下", 
        "fuwu":"企业服务",
        "date": "2018-8-14"
    },
    {
        "imagess":"<img src=\"http://127.0.0.1:8020/%E9%98%B3%E5%85%89%E4%BC%81%E6%9C%8D%E7%A7%BB%E5%8A%A8%E7%AB%AF%E9%A1%B5%E9%9D%A2/images/list.jpg\">", 
        "url": "detail.html", 
        "title": "自贸区保理公司注册条件9", 
        "detail": "自贸区注册商业保理公司需要具备哪些条件，有哪些流程?下面中财华商来介绍一下", 
        "fuwu":"企业服务",
        "date": "2018-8-14"
    },
    {
        "imagess":"<img src=\"http://127.0.0.1:8020/%E9%98%B3%E5%85%89%E4%BC%81%E6%9C%8D%E7%A7%BB%E5%8A%A8%E7%AB%AF%E9%A1%B5%E9%9D%A2/images/list.jpg\">", 
        "url": "detail.html", 
        "title": "自贸区保理公司注册条件10", 
        "detail": "自贸区注册商业保理公司需要具备哪些条件，有哪些流程?下面中财华商来介绍一下", 
        "fuwu":"企业服务",
        "date": "2018-8-14"
    },
    {
        "imagess":"<img src=\"http://127.0.0.1:8020/%E9%98%B3%E5%85%89%E4%BC%81%E6%9C%8D%E7%A7%BB%E5%8A%A8%E7%AB%AF%E9%A1%B5%E9%9D%A2/images/list.jpg\">", 
        "url": "detail.html", 
        "title": "自贸区保理公司注册条件11", 
        "detail": "自贸区注册商业保理公司需要具备哪些条件，有哪些流程?下面中财华商来介绍一下", 
        "fuwu":"企业服务",
        "date": "2018-8-14"
    },
    {
        "imagess":"<img src=\"http://127.0.0.1:8020/%E9%98%B3%E5%85%89%E4%BC%81%E6%9C%8D%E7%A7%BB%E5%8A%A8%E7%AB%AF%E9%A1%B5%E9%9D%A2/images/list.jpg\">", 
        "url": "detail.html", 
        "title": "自贸区保理公司注册条件12", 
        "detail": "自贸区注册商业保理公司需要具备哪些条件，有哪些流程?下面中财华商来介绍一下", 
        "fuwu":"企业服务",
        "date": "2018-8-14"
    },
    {
        "imagess":"<img src=\"http://127.0.0.1:8020/%E9%98%B3%E5%85%89%E4%BC%81%E6%9C%8D%E7%A7%BB%E5%8A%A8%E7%AB%AF%E9%A1%B5%E9%9D%A2/images/list.jpg\">", 
        "url": "detail.html", 
        "title": "自贸区保理公司注册条件13", 
        "detail": "自贸区注册商业保理公司需要具备哪些条件，有哪些流程?下面中财华商来介绍一下", 
        "fuwu":"企业服务",
        "date": "2018-8-14"
    },
    {
        "imagess":"<img src=\"http://127.0.0.1:8020/%E9%98%B3%E5%85%89%E4%BC%81%E6%9C%8D%E7%A7%BB%E5%8A%A8%E7%AB%AF%E9%A1%B5%E9%9D%A2/images/list.jpg\">", 
        "url": "detail.html", 
        "title": "自贸区保理公司注册条件14", 
        "detail": "自贸区注册商业保理公司需要具备哪些条件，有哪些流程?下面中财华商来介绍一下", 
        "fuwu":"企业服务",
        "date": "2018-8-14"
    },
    {
        "imagess":"<img src=\"http://127.0.0.1:8020/%E9%98%B3%E5%85%89%E4%BC%81%E6%9C%8D%E7%A7%BB%E5%8A%A8%E7%AB%AF%E9%A1%B5%E9%9D%A2/images/list.jpg\">", 
        "url": "detail.html", 
        "title": "自贸区保理公司注册条件15", 
        "detail": "自贸区注册商业保理公司需要具备哪些条件，有哪些流程?下面中财华商来介绍一下", 
        "fuwu":"企业服务",
        "date": "2018-8-14"
    }
    ,
    {
        "imagess":"<img src=\"http://127.0.0.1:8020/%E9%98%B3%E5%85%89%E4%BC%81%E6%9C%8D%E7%A7%BB%E5%8A%A8%E7%AB%AF%E9%A1%B5%E9%9D%A2/images/list.jpg\">", 
        "url": "detail.html", 
        "title": "自贸区保理公司注册条件16", 
        "detail": "自贸区注册商业保理公司需要具备哪些条件，有哪些流程?下面中财华商来介绍一下", 
        "fuwu":"企业服务",
        "date": "2018-8-14"
    },
    {
        "imagess":"<img src=\"http://127.0.0.1:8020/%E9%98%B3%E5%85%89%E4%BC%81%E6%9C%8D%E7%A7%BB%E5%8A%A8%E7%AB%AF%E9%A1%B5%E9%9D%A2/images/list.jpg\">", 
        "url": "detail.html", 
        "title": "自贸区保理公司注册条件17", 
        "detail": "自贸区注册商业保理公司需要具备哪些条件，有哪些流程?下面中财华商来介绍一下", 
        "fuwu":"企业服务",
        "date": "2018-8-14"
    },
    {
        "imagess":"<img src=\"http://127.0.0.1:8020/%E9%98%B3%E5%85%89%E4%BC%81%E6%9C%8D%E7%A7%BB%E5%8A%A8%E7%AB%AF%E9%A1%B5%E9%9D%A2/images/list.jpg\">", 
        "url": "detail.html", 
        "title": "自贸区保理公司注册条件18", 
        "detail": "自贸区注册商业保理公司需要具备哪些条件，有哪些流程?下面中财华商来介绍一下", 
        "fuwu":"企业服务",
        "date": "2018-8-14"
    },
    {
        "imagess":"<img src=\"http://127.0.0.1:8020/%E9%98%B3%E5%85%89%E4%BC%81%E6%9C%8D%E7%A7%BB%E5%8A%A8%E7%AB%AF%E9%A1%B5%E9%9D%A2/images/list.jpg\">", 
        "url": "detail.html", 
        "title": "自贸区保理公司注册条件19", 
        "detail": "自贸区注册商业保理公司需要具备哪些条件，有哪些流程?下面中财华商来介绍一下", 
        "fuwu":"企业服务",
        "date": "2018-8-14"
    },
    {
        "imagess":"<img src=\"http://127.0.0.1:8020/%E9%98%B3%E5%85%89%E4%BC%81%E6%9C%8D%E7%A7%BB%E5%8A%A8%E7%AB%AF%E9%A1%B5%E9%9D%A2/images/list.jpg\">", 
        "url": "detail.html", 
        "title": "自贸区保理公司注册条件20", 
        "detail": "自贸区注册商业保理公司需要具备哪些条件，有哪些流程?下面中财华商来介绍一下", 
        "fuwu":"企业服务",
        "date": "2018-8-14"
    },
    {
        "imagess":"<img src=\"http://127.0.0.1:8020/%E9%98%B3%E5%85%89%E4%BC%81%E6%9C%8D%E7%A7%BB%E5%8A%A8%E7%AB%AF%E9%A1%B5%E9%9D%A2/images/list.jpg\">", 
        "url": "detail.html", 
        "title": "自贸区保理公司注册条件21", 
        "detail": "自贸区注册商业保理公司需要具备哪些条件，有哪些流程?下面中财华商来介绍一下", 
        "fuwu":"企业服务",
        "date": "2018-8-14"
    },
    {
        "imagess":"<img src=\"http://127.0.0.1:8020/%E9%98%B3%E5%85%89%E4%BC%81%E6%9C%8D%E7%A7%BB%E5%8A%A8%E7%AB%AF%E9%A1%B5%E9%9D%A2/images/list.jpg\">", 
        "url": "detail.html", 
        "title": "自贸区保理公司注册条件22", 
        "detail": "自贸区注册商业保理公司需要具备哪些条件，有哪些流程?下面中财华商来介绍一下", 
        "fuwu":"企业服务",
        "date": "2018-8-14"
    }
]